{
  "categories": [
    {
      "id": 1,
      "categoryName": "Beverages",
      "description": "Soft drinks, coffees, teas, beers, and ales"
    },
    {
      "id": 2,
      "categoryName": "Condiments",
      "description": "Sweet and savory sauces, relishes, spreads, and seasonings"
    },
    {
      "id": 3,
      "categoryName": "Confections",
      "description": "Desserts, candies, and sweet breads"
    },
    {
      "id": 4,
      "categoryName": "Dairy Products",
      "description": "Cheeses"
    },
    {
      "id": 5,
      "categoryName": "Grains/Cereals",
      "description": "Breads, crackers, pasta, and cereal"
    },
    {
      "id": 6,
      "categoryName": "Meat/Poultry",
      "description": "Prepared meats"
    },
    {
      "id": 7,
      "categoryName": "Produce",
      "description": "Dried fruit and bean curd"
    },
    {
      "id": 8,
      "categoryName": "Seafood",
      "description": "Seaweed and fish"
    }
  ],
  "suppliers": [
    {
      "id": 1,
      "companyName": "Exotic Liquids",
      "contactName": "Charlotte Cooper",
      "contactTitle": "Purchasing Manager",
      "address": "49 Gilbert St.",
      "city": "London",
      "postalCode": "EC1 4SD",
      "country": "UK",
      "phone": "(171) 555-2222"
    },
    {
      "id": 2,
      "companyName": "New Orleans Cajun Delights",
      "contactName": "Shelley Burke",
      "contactTitle": "Order Administrator",
      "address": "P.O. Box 78934",
      "city": "New Orleans",
      "region": "LA",
      "postalCode": "70117",
      "country": "USA",
      "phone": "(100) 555-4822",
      "homePage": "#CAJUN.HTM#"
    },
    {
      "id": 3,
      "companyName": "Grandma Kelly's Homestead",
      "contactName": "Regina Murphy",
      "contactTitle": "Sales Representative",
      "address": "707 Oxford Rd.",
      "city": "Ann Arbor",
      "region": "MI",
      "postalCode": "48104",
      "country": "USA",
      "phone": "(313) 555-5735",
      "fax": "(313) 555-3349"
    },
    {
      "id": 4,
      "companyName": "Tokyo Traders",
      "contactName": "Yoshi Nagase",
      "contactTitle": "Marketing Manager",
      "address": "9-8 Sekimai Musashino-shi",
      "city": "Tokyo",
      "postalCode": "100",
      "country": "Japan",
      "phone": "(03) 3555-5011"
    },
    {
      "id": 5,
      "companyName": "Cooperativa de Quesos 'Las Cabras'",
      "contactName": "Antonio del Valle Saavedra",
      "contactTitle": "Export Administrator",
      "address": "Calle del Rosal 4",
      "city": "Oviedo",
      "region": "Asturias",
      "postalCode": "33007",
      "country": "Spain",
      "phone": "(98) 598 76 54"
    },
    {
      "id": 6,
      "companyName": "Mayumi's",
      "contactName": "Mayumi Ohno",
      "contactTitle": "Marketing Representative",
      "address": "92 Setsuko Chuo-ku",
      "city": "Osaka",
      "postalCode": "545",
      "country": "Japan",
      "phone": "(06) 431-7877",
      "homePage": "Mayumi's (on the World Wide Web)#http://www.microsoft.com/accessdev/sampleapps/mayumi.htm#"
    },
    {
      "id": 7,
      "companyName": "Pavlova, Ltd.",
      "contactName": "Ian Devling",
      "contactTitle": "Marketing Manager",
      "address": "74 Rose St. Moonie Ponds",
      "city": "Melbourne",
      "region": "Victoria",
      "postalCode": "3058",
      "country": "Australia",
      "phone": "(03) 444-2343",
      "fax": "(03) 444-6588"
    },
    {
      "id": 8,
      "companyName": "Specialty Biscuits, Ltd.",
      "contactName": "Peter Wilson",
      "contactTitle": "Sales Representative",
      "address": "29 King's Way",
      "city": "Manchester",
      "postalCode": "M14 GSD",
      "country": "UK",
      "phone": "(03) 444-2343",
      "fax": "(03) 444-6588"
    }
  ],
  "products": [
    {
      "id": 1,
      "productName": "Chai",
      "supplierID": 1,
      "categoryID": 1,
      "quantityPerUnit": "10 boxes x 20 bags",
      "unitPrice": 18,
      "unitsInStock": 39,
      "unitsOnOrder": 0,
      "reorderLevel": 10,
      "discontinued": false
    },
    {
      "id": 2,
      "productName": "Chang",
      "supplierID": 1,
      "categoryID": 1,
      "quantityPerUnit": "24 - 12 oz bottles",
      "unitPrice": 19,
      "unitsInStock": 17,
      "unitsOnOrder": 40,
      "reorderLevel": 25,
      "discontinued": false
    },
    {
      "id": 3,
      "productName": "Aniseed Syrup",
      "supplierID": 1,
      "categoryID": 2,
      "quantityPerUnit": "12 - 550 ml bottles",
      "unitPrice": 10,
      "unitsInStock": 13,
      "unitsOnOrder": 70,
      "reorderLevel": 25,
      "discontinued": false
    },
    {
      "id": 4,
      "productName": "Chef Anton's Cajun Seasoning",
      "supplierID": 2,
      "categoryID": 2,
      "quantityPerUnit": "48 - 6 oz jars",
      "unitPrice": 22,
      "unitsInStock": 53,
      "unitsOnOrder": 0,
      "reorderLevel": 0,
      "discontinued": false
    },
    {
      "id": 5,
      "productName": "Chef Anton's Gumbo Mix",
      "supplierID": 2,
      "categoryID": 2,
      "quantityPerUnit": "36 boxes",
      "unitPrice": 21.35,
      "unitsInStock": 0,
      "unitsOnOrder": 0,
      "reorderLevel": 0,
      "discontinued": true
    },
    {
      "id": 6,
      "productName": "Grandma's Boysenberry Spread",
      "supplierID": 3,
      "categoryID": 2,
      "quantityPerUnit": "12 - 8 oz jars",
      "unitPrice": 25,
      "unitsInStock": 120,
      "unitsOnOrder": 0,
      "reorderLevel": 25,
      "discontinued": false
    },
    {
      "id": 7,
      "productName": "Uncle Bob's Organic Dried Pears",
      "supplierID": 3,
      "categoryID": 7,
      "quantityPerUnit": "12 - 1 lb pkgs.",
      "unitPrice": 30,
      "unitsInStock": 15,
      "unitsOnOrder": 0,
      "reorderLevel": 10,
      "discontinued": false
    },
    {
      "id": 8,
      "productName": "Northwoods Cranberry Sauce",
      "supplierID": 3,
      "categoryID": 2,
      "quantityPerUnit": "12 - 12 oz jars",
      "unitPrice": 40,
      "unitsInStock": 6,
      "unitsOnOrder": 0,
      "reorderLevel": 0,
      "discontinued": false
    },
    {
      "id": 9,
      "productName": "Mishi Kobe Niku",
      "supplierID": 4,
      "categoryID": 6,
      "quantityPerUnit": "18 - 500 g pkgs.",
      "unitPrice": 97,
      "unitsInStock": 29,
      "unitsOnOrder": 0,
      "reorderLevel": 0,
      "discontinued": true
    },
    {
      "id": 10,
      "productName": "Ikura",
      "supplierID": 4,
      "categoryID": 8,
      "quantityPerUnit": "12 - 200 ml jars",
      "unitPrice": 31,
      "unitsInStock": 31,
      "unitsOnOrder": 0,
      "reorderLevel": 0,
      "discontinued": false
    },
    {
      "id": 11,
      "productName": "Queso Cabrale",
      "supplierID": 5,
      "categoryID": 4,
      "quantityPerUnit": "1 kg pkg.",
      "unitPrice": 21,
      "unitsInStock": 22,
      "unitsOnOrder": 30,
      "reorderLevel": 30,
      "discontinued": false
    },
    {
      "id": 12,
      "productName": "Queso Manchego La Pastora",
      "supplierID": 5,
      "categoryID": 4,
      "quantityPerUnit": "10 - 500 g pkgs.",
      "unitPrice": 38,
      "unitsInStock": 86,
      "unitsOnOrder": 0,
      "reorderLevel": 0,
      "discontinued": false
    },
    {
      "id": 13,
      "productName": "Konbu",
      "supplierID": 6,
      "categoryID": 8,
      "quantityPerUnit": "2 kg box",
      "unitPrice": 6,
      "unitsInStock": 24,
      "unitsOnOrder": 0,
      "reorderLevel": 5,
      "discontinued": false
    },
    {
      "id": 14,
      "productName": "Tofu",
      "supplierID": 6,
      "categoryID": 7,
      "quantityPerUnit": "40 - 100 g pkgs.",
      "unitPrice": 23.25,
      "unitsInStock": 35,
      "unitsOnOrder": 0,
      "reorderLevel": 0,
      "discontinued": false
    },
    {
      "id": 15,
      "productName": "Genen Shouyu",
      "supplierID": 6,
      "categoryID": 2,
      "quantityPerUnit": "24 - 250 ml bottles",
      "unitPrice": 15.5,
      "unitsInStock": 39,
      "unitsOnOrder": 0,
      "reorderLevel": 5,
      "discontinued": false
    },
    {
      "id": 16,
      "productName": "Pavlova",
      "supplierID": 7,
      "categoryID": 3,
      "quantityPerUnit": "32 - 500 g boxes",
      "unitPrice": 17.45,
      "unitsInStock": 29,
      "unitsOnOrder": 0,
      "reorderLevel": 10,
      "discontinued": false
    },
    {
      "id": 17,
      "productName": "Alice Mutton",
      "supplierID": 7,
      "categoryID": 6,
      "quantityPerUnit": "20 - 1 kg tins",
      "unitPrice": 39,
      "unitsInStock": 0,
      "unitsOnOrder": 0,
      "reorderLevel": 0,
      "discontinued": true
    },
    {
      "id": 18,
      "productName": "Carnarvon Tigers",
      "supplierID": 7,
      "categoryID": 8,
      "quantityPerUnit": "16 kg pkg.",
      "unitPrice": 62.5,
      "unitsInStock": 42,
      "unitsOnOrder": 0,
      "reorderLevel": 0,
      "discontinued": false
    },
    {
      "id": 19,
      "productName": "Teatime Chocolate Biscuits",
      "supplierID": 8,
      "categoryID": 3,
      "quantityPerUnit": "10 boxes x 12 pieces",
      "unitPrice": 9.2,
      "unitsInStock": 25,
      "unitsOnOrder": 0,
      "reorderLevel": 5,
      "discontinued": false
    },
    {
      "id": 20,
      "productName": "Sir Rodney's Marmalade",
      "supplierID": 8,
      "categoryID": 3,
      "quantityPerUnit": "30 gift boxes",
      "unitPrice": 81,
      "unitsInStock": 40,
      "unitsOnOrder": 0,
      "reorderLevel": 0,
      "discontinued": false
    },
    {
      "id": 21,
      "productName": "Sir Rodney's Scones",
      "supplierID": 8,
      "categoryID": 3,
      "quantityPerUnit": "24 pkgs. x 4 pieces",
      "unitPrice": 10,
      "unitsInStock": 3,
      "unitsOnOrder": 40,
      "reorderLevel": 5,
      "discontinued": false
    },
    {
      "id": 22,
      "productName": "Gustaf's Knäckebröd",
      "supplierID": 9,
      "categoryID": 5,
      "quantityPerUnit": "24 - 500 g pkgs.",
      "unitPrice": 21,
      "unitsInStock": 104,
      "unitsOnOrder": 0,
      "reorderLevel": 25,
      "discontinued": false
    },
    {
      "id": 23,
      "productName": "Tunnbröd",
      "supplierID": 9,
      "categoryID": 5,
      "quantityPerUnit": "12 - 250 g pkgs.",
      "unitPrice": 9,
      "unitsInStock": 61,
      "unitsOnOrder": 0,
      "reorderLevel": 25,
      "discontinued": false
    },
    {
      "id": 24,
      "productName": "Guaraná Fantástica",
      "supplierID": 10,
      "categoryID": 1,
      "quantityPerUnit": "12 - 355 ml cans",
      "unitPrice": 4.5,
      "unitsInStock": 20,
      "unitsOnOrder": 0,
      "reorderLevel": 0,
      "discontinued": true
    },
    {
      "id": 25,
      "productName": "NuNuCa Nuß-Nougat-Creme",
      "supplierID": 11,
      "categoryID": 3,
      "quantityPerUnit": "20 - 450 g glasses",
      "unitPrice": 14,
      "unitsInStock": 76,
      "unitsOnOrder": 0,
      "reorderLevel": 30,
      "discontinued": false
    },
    {
      "id": 26,
      "productName": "Gumbär Gummibärchen",
      "supplierID": 11,
      "categoryID": 3,
      "quantityPerUnit": "100 - 250 g bags",
      "unitPrice": 31.23,
      "unitsInStock": 15,
      "unitsOnOrder": 0,
      "reorderLevel": 0,
      "discontinued": false
    },
    {
      "id": 27,
      "productName": "Schoggi Schokolade",
      "supplierID": 11,
      "categoryID": 3,
      "quantityPerUnit": "100 - 100 g pieces",
      "unitPrice": 43.9,
      "unitsInStock": 49,
      "unitsOnOrder": 0,
      "reorderLevel": 30,
      "discontinued": false
    },
    {
      "id": 28,
      "productName": "Rössle Sauerkraut",
      "supplierID": 12,
      "categoryID": 7,
      "quantityPerUnit": "25 - 825 g cans",
      "unitPrice": 45.6,
      "unitsInStock": 26,
      "unitsOnOrder": 0,
      "reorderLevel": 0,
      "discontinued": true
    },
    {
      "id": 29,
      "productName": "Thüringer Rostbratwurst",
      "supplierID": 12,
      "categoryID": 6,
      "quantityPerUnit": "50 bags x 30 sausgs.",
      "unitPrice": 123.79,
      "unitsInStock": 0,
      "unitsOnOrder": 0,
      "reorderLevel": 0,
      "discontinued": true
    },
    {
      "id": 30,
      "productName": "Nord-Ost Matjeshering",
      "supplierID": 13,
      "categoryID": 8,
      "quantityPerUnit": "10 - 200 g glasses",
      "unitPrice": 25.89,
      "unitsInStock": 10,
      "unitsOnOrder": 0,
      "reorderLevel": 15,
      "discontinued": false
    },
    {
      "id": 31,
      "productName": "Gorgonzola Telino",
      "supplierID": 14,
      "categoryID": 4,
      "quantityPerUnit": "12 - 100 g pkgs",
      "unitPrice": 12.5,
      "unitsInStock": 0,
      "unitsOnOrder": 70,
      "reorderLevel": 20,
      "discontinued": false
    },
    {
      "id": 32,
      "productName": "Mascarpone Fabioli",
      "supplierID": 14,
      "categoryID": 4,
      "quantityPerUnit": "24 - 200 g pkgs.",
      "unitPrice": 32,
      "unitsInStock": 9,
      "unitsOnOrder": 40,
      "reorderLevel": 25,
      "discontinued": false
    },
    {
      "id": 33,
      "productName": "Geitost",
      "supplierID": 15,
      "categoryID": 4,
      "quantityPerUnit": "500 g",
      "unitPrice": 2.5,
      "unitsInStock": 112,
      "unitsOnOrder": 0,
      "reorderLevel": 20,
      "discontinued": false
    },
    {
      "id": 34,
      "productName": "Sasquatch Ale",
      "supplierID": 16,
      "categoryID": 1,
      "quantityPerUnit": "24 - 12 oz bottles",
      "unitPrice": 14,
      "unitsInStock": 111,
      "unitsOnOrder": 0,
      "reorderLevel": 15,
      "discontinued": false
    },
    {
      "id": 35,
      "productName": "Steeleye Stout",
      "supplierID": 16,
      "categoryID": 1,
      "quantityPerUnit": "24 - 12 oz bottles",
      "unitPrice": 18,
      "unitsInStock": 20,
      "unitsOnOrder": 0,
      "reorderLevel": 15,
      "discontinued": false
    },
    {
      "id": 36,
      "productName": "Inlagd Sill",
      "supplierID": 17,
      "categoryID": 8,
      "quantityPerUnit": "24 - 250 g  jars",
      "unitPrice": 19,
      "unitsInStock": 112,
      "unitsOnOrder": 0,
      "reorderLevel": 20,
      "discontinued": false
    },
    {
      "id": 37,
      "productName": "Gravad lax",
      "supplierID": 17,
      "categoryID": 8,
      "quantityPerUnit": "12 - 500 g pkgs.",
      "unitPrice": 26,
      "unitsInStock": 11,
      "unitsOnOrder": 50,
      "reorderLevel": 25,
      "discontinued": false
    },
    {
      "id": 38,
      "productName": "Côte de Blaye",
      "supplierID": 18,
      "categoryID": 1,
      "quantityPerUnit": "12 - 75 cl bottles",
      "unitPrice": 263.5,
      "unitsInStock": 17,
      "unitsOnOrder": 0,
      "reorderLevel": 15,
      "discontinued": false
    },
    {
      "id": 39,
      "productName": "Chartreuse verte",
      "supplierID": 18,
      "categoryID": 1,
      "quantityPerUnit": "750 cc per bottle",
      "unitPrice": 18,
      "unitsInStock": 69,
      "unitsOnOrder": 0,
      "reorderLevel": 5,
      "discontinued": false
    },
    {
      "id": 40,
      "productName": "Boston Crab Meat",
      "supplierID": 19,
      "categoryID": 8,
      "quantityPerUnit": "24 - 4 oz tins",
      "unitPrice": 18.4,
      "unitsInStock": 123,
      "unitsOnOrder": 0,
      "reorderLevel": 30,
      "discontinued": false
    },
    {
      "id": 41,
      "productName": "Jack's New England Clam Chowder",
      "supplierID": 19,
      "categoryID": 8,
      "quantityPerUnit": "12 - 12 oz cans",
      "unitPrice": 9.65,
      "unitsInStock": 85,
      "unitsOnOrder": 0,
      "reorderLevel": 10,
      "discontinued": false
    },
    {
      "id": 42,
      "productName": "Singaporean Hokkien Fried Mee",
      "supplierID": 20,
      "categoryID": 5,
      "quantityPerUnit": "32 - 1 kg pkgs.",
      "unitPrice": 14,
      "unitsInStock": 26,
      "unitsOnOrder": 0,
      "reorderLevel": 0,
      "discontinued": true
    },
    {
      "id": 43,
      "productName": "Ipoh Coffee",
      "supplierID": 20,
      "categoryID": 1,
      "quantityPerUnit": "16 - 500 g tins",
      "unitPrice": 46,
      "unitsInStock": 17,
      "unitsOnOrder": 10,
      "reorderLevel": 25,
      "discontinued": false
    },
    {
      "id": 44,
      "productName": "Gula Malacca",
      "supplierID": 20,
      "categoryID": 2,
      "quantityPerUnit": "20 - 2 kg bags",
      "unitPrice": 19.45,
      "unitsInStock": 27,
      "unitsOnOrder": 0,
      "reorderLevel": 15,
      "discontinued": false
    },
    {
      "id": 45,
      "productName": "Rogede sild",
      "supplierID": 21,
      "categoryID": 8,
      "quantityPerUnit": "1k pkg.",
      "unitPrice": 9.5,
      "unitsInStock": 5,
      "unitsOnOrder": 70,
      "reorderLevel": 15,
      "discontinued": false
    },
    {
      "id": 46,
      "productName": "Spegesild",
      "supplierID": 21,
      "categoryID": 8,
      "quantityPerUnit": "4 - 450 g glasses",
      "unitPrice": 12,
      "unitsInStock": 95,
      "unitsOnOrder": 0,
      "reorderLevel": 0,
      "discontinued": false
    },
    {
      "id": 47,
      "productName": "Zaanse koeken",
      "supplierID": 22,
      "categoryID": 3,
      "quantityPerUnit": "10 - 4 oz boxes",
      "unitPrice": 9.5,
      "unitsInStock": 36,
      "unitsOnOrder": 0,
      "reorderLevel": 0,
      "discontinued": false
    },
    {
      "id": 48,
      "productName": "Chocolade",
      "supplierID": 22,
      "categoryID": 3,
      "quantityPerUnit": "10 pkgs.",
      "unitPrice": 12.75,
      "unitsInStock": 15,
      "unitsOnOrder": 70,
      "reorderLevel": 25,
      "discontinued": false
    },
    {
      "id": 49,
      "productName": "Maxilaku",
      "supplierID": 23,
      "categoryID": 3,
      "quantityPerUnit": "24 - 50 g pkgs.",
      "unitPrice": 20,
      "unitsInStock": 10,
      "unitsOnOrder": 60,
      "reorderLevel": 15,
      "discontinued": false
    },
    {
      "id": 50,
      "productName": "Valkoinen suklaa",
      "supplierID": 23,
      "categoryID": 3,
      "quantityPerUnit": "12 - 100 g bars",
      "unitPrice": 16.25,
      "unitsInStock": 65,
      "unitsOnOrder": 0,
      "reorderLevel": 30,
      "discontinued": false
    },
    {
      "id": 51,
      "productName": "Manjimup Dried Apples",
      "supplierID": 24,
      "categoryID": 7,
      "quantityPerUnit": "50 - 300 g pkgs.",
      "unitPrice": 53,
      "unitsInStock": 20,
      "unitsOnOrder": 0,
      "reorderLevel": 10,
      "discontinued": false
    },
    {
      "id": 52,
      "productName": "Filo Mix",
      "supplierID": 24,
      "categoryID": 5,
      "quantityPerUnit": "16 - 2 kg boxes",
      "unitPrice": 7,
      "unitsInStock": 38,
      "unitsOnOrder": 0,
      "reorderLevel": 25,
      "discontinued": false
    },
    {
      "id": 53,
      "productName": "Perth Pasties",
      "supplierID": 24,
      "categoryID": 6,
      "quantityPerUnit": "48 pieces",
      "unitPrice": 32.8,
      "unitsInStock": 0,
      "unitsOnOrder": 0,
      "reorderLevel": 0,
      "discontinued": true
    },
    {
      "id": 54,
      "productName": "Tourtière",
      "supplierID": 25,
      "categoryID": 6,
      "quantityPerUnit": "16 pies",
      "unitPrice": 7.45,
      "unitsInStock": 21,
      "unitsOnOrder": 0,
      "reorderLevel": 10,
      "discontinued": false
    },
    {
      "id": 55,
      "productName": "Pâté chinois",
      "supplierID": 25,
      "categoryID": 6,
      "quantityPerUnit": "24 boxes x 2 pies",
      "unitPrice": 24,
      "unitsInStock": 115,
      "unitsOnOrder": 0,
      "reorderLevel": 20,
      "discontinued": false
    },
    {
      "id": 56,
      "productName": "Gnocchi di nonna Alice",
      "supplierID": 26,
      "categoryID": 5,
      "quantityPerUnit": "24 - 250 g pkgs.",
      "unitPrice": 38,
      "unitsInStock": 21,
      "unitsOnOrder": 10,
      "reorderLevel": 30,
      "discontinued": false
    },
    {
      "id": 57,
      "productName": "Ravioli Angelo",
      "supplierID": 26,
      "categoryID": 5,
      "quantityPerUnit": "24 - 250 g pkgs.",
      "unitPrice": 19.5,
      "unitsInStock": 36,
      "unitsOnOrder": 0,
      "reorderLevel": 20,
      "discontinued": false
    },
    {
      "id": 58,
      "productName": "Escargots de Bourgogne",
      "supplierID": 27,
      "categoryID": 8,
      "quantityPerUnit": "24 pieces",
      "unitPrice": 13.25,
      "unitsInStock": 62,
      "unitsOnOrder": 0,
      "reorderLevel": 20,
      "discontinued": false
    },
    {
      "id": 59,
      "productName": "Raclette Courdavault",
      "supplierID": 28,
      "categoryID": 4,
      "quantityPerUnit": "5 kg pkg.",
      "unitPrice": 55,
      "unitsInStock": 79,
      "unitsOnOrder": 0,
      "reorderLevel": 0,
      "discontinued": false
    },
    {
      "id": 60,
      "productName": "Camembert Pierrot",
      "supplierID": 28,
      "categoryID": 4,
      "quantityPerUnit": "15 - 300 g rounds",
      "unitPrice": 34,
      "unitsInStock": 19,
      "unitsOnOrder": 0,
      "reorderLevel": 0,
      "discontinued": false
    },
    {
      "id": 61,
      "productName": "Sirop d'érable",
      "supplierID": 29,
      "categoryID": 2,
      "quantityPerUnit": "24 - 500 ml bottles",
      "unitPrice": 28.5,
      "unitsInStock": 113,
      "unitsOnOrder": 0,
      "reorderLevel": 25,
      "discontinued": false
    },
    {
      "id": 62,
      "productName": "Tarte au sucre",
      "supplierID": 29,
      "categoryID": 3,
      "quantityPerUnit": "48 pies",
      "unitPrice": 49.3,
      "unitsInStock": 17,
      "unitsOnOrder": 0,
      "reorderLevel": 0,
      "discontinued": false
    },
    {
      "id": 63,
      "productName": "Vegie-spread",
      "supplierID": 7,
      "categoryID": 2,
      "quantityPerUnit": "15 - 625 g jars",
      "unitPrice": 43.9,
      "unitsInStock": 24,
      "unitsOnOrder": 0,
      "reorderLevel": 5,
      "discontinued": false
    },
    {
      "id": 64,
      "productName": "Wimmers gute Semmelknödel",
      "supplierID": 12,
      "categoryID": 5,
      "quantityPerUnit": "20 bags x 4 pieces",
      "unitPrice": 33.25,
      "unitsInStock": 22,
      "unitsOnOrder": 80,
      "reorderLevel": 30,
      "discontinued": false
    },
    {
      "id": 65,
      "productName": "Louisiana Fiery Hot Pepper Sauce",
      "supplierID": 2,
      "categoryID": 2,
      "quantityPerUnit": "32 - 8 oz bottles",
      "unitPrice": 21.05,
      "unitsInStock": 76,
      "unitsOnOrder": 0,
      "reorderLevel": 0,
      "discontinued": false
    },
    {
      "id": 66,
      "productName": "Louisiana Hot Spiced Okra",
      "supplierID": 2,
      "categoryID": 2,
      "quantityPerUnit": "24 - 8 oz jars",
      "unitPrice": 17,
      "unitsInStock": 4,
      "unitsOnOrder": 100,
      "reorderLevel": 20,
      "discontinued": false
    },
    {
      "id": 67,
      "productName": "Laughing Lumberjack Lager",
      "supplierID": 16,
      "categoryID": 1,
      "quantityPerUnit": "24 - 12 oz bottles",
      "unitPrice": 14,
      "unitsInStock": 52,
      "unitsOnOrder": 0,
      "reorderLevel": 10,
      "discontinued": false
    },
    {
      "id": 68,
      "productName": "Scottish Longbreads",
      "supplierID": 8,
      "categoryID": 3,
      "quantityPerUnit": "10 boxes x 8 pieces",
      "unitPrice": 12.5,
      "unitsInStock": 6,
      "unitsOnOrder": 10,
      "reorderLevel": 15,
      "discontinued": false
    },
    {
      "id": 69,
      "productName": "Gudbrandsdalsost",
      "supplierID": 15,
      "categoryID": 4,
      "quantityPerUnit": "10 kg pkg.",
      "unitPrice": 36,
      "unitsInStock": 26,
      "unitsOnOrder": 0,
      "reorderLevel": 15,
      "discontinued": false
    },
    {
      "id": 70,
      "productName": "Outback Lager",
      "supplierID": 7,
      "categoryID": 1,
      "quantityPerUnit": "24 - 355 ml bottles",
      "unitPrice": 15,
      "unitsInStock": 15,
      "unitsOnOrder": 10,
      "reorderLevel": 30,
      "discontinued": false
    },
    {
      "id": 71,
      "productName": "Flotemysost",
      "supplierID": 15,
      "categoryID": 4,
      "quantityPerUnit": "10 - 500 g pkgs.",
      "unitPrice": 21.5,
      "unitsInStock": 26,
      "unitsOnOrder": 0,
      "reorderLevel": 0,
      "discontinued": false
    },
    {
      "id": 72,
      "productName": "Mozzarella di Giovanni",
      "supplierID": 14,
      "categoryID": 4,
      "quantityPerUnit": "24 - 200 g pkgs.",
      "unitPrice": 34.8,
      "unitsInStock": 14,
      "unitsOnOrder": 0,
      "reorderLevel": 0,
      "discontinued": false
    },
    {
      "id": 73,
      "productName": "Röd Kaviar",
      "supplierID": 17,
      "categoryID": 8,
      "quantityPerUnit": "24 - 150 g jars",
      "unitPrice": 15,
      "unitsInStock": 101,
      "unitsOnOrder": 0,
      "reorderLevel": 5,
      "discontinued": false
    },
    {
      "id": 74,
      "productName": "Longlife Tofu",
      "supplierID": 4,
      "categoryID": 7,
      "quantityPerUnit": "5 kg pkg.",
      "unitPrice": 10,
      "unitsInStock": 4,
      "unitsOnOrder": 20,
      "reorderLevel": 5,
      "discontinued": false
    },
    {
      "id": 75,
      "productName": "Rhönbräu Klosterbier",
      "supplierID": 12,
      "categoryID": 1,
      "quantityPerUnit": "24 - 0.5 l bottles",
      "unitPrice": 7.75,
      "unitsInStock": 125,
      "unitsOnOrder": 0,
      "reorderLevel": 25,
      "discontinued": false
    },
    {
      "id": 76,
      "productName": "Lakkalikööri",
      "supplierID": 23,
      "categoryID": 1,
      "quantityPerUnit": "500 ml",
      "unitPrice": 18,
      "unitsInStock": 57,
      "unitsOnOrder": 0,
      "reorderLevel": 20,
      "discontinued": false
    },
    {
      "id": 77,
      "productName": "Original Frankfurter grüne Soße",
      "supplierID": 12,
      "categoryID": 2,
      "quantityPerUnit": "12 boxes",
      "unitPrice": 13,
      "unitsInStock": 32,
      "unitsOnOrder": 0,
      "reorderLevel": 15,
      "discontinued": false
    },
    {
      "id": 92,
      "productName": "Piña por kilo",
      "supplierID": 1,
      "categoryID": 7,
      "quantityPerUnit": "Cajas de 5 kilos",
      "unitPrice": 40,
      "unitsInStock": 100,
      "unitsOnOrder": 0,
      "reorderLevel": 0,
      "discontinued": false
    }
  ],
  "customers": [
    {
      "id": "ALFKI",
      "companyName": "Alfreds Futterkiste",
      "contactName": "Maria Anders",
      "contactTitle": "Sales Representative",
      "address": "Obere Str. 57",
      "city": "Berlin",
      "postalCode": "12209",
      "country": "Germany",
      "phone": "030-0074321",
      "fax": "030-0076545"
    },
    {
      "id": "ANATR",
      "companyName": "Ana Trujillo Emparedados y helados",
      "contactName": "Ana Trujillo",
      "contactTitle": "Owner",
      "address": "Avda. de la Constitución 2222",
      "city": "México D.F.",
      "postalCode": "05021",
      "country": "Mexico",
      "phone": "(5) 555-4729",
      "fax": "(5) 555-3745"
    },
    {
      "id": "ANTON",
      "companyName": "Antonio Moreno Taquería",
      "contactName": "Antonio Moreno",
      "contactTitle": "Owner",
      "address": "Mataderos  2312",
      "city": "México D.F.",
      "postalCode": "05023",
      "country": "Mexico",
      "phone": "(5) 555-3932"
    },
    {
      "id": "AROUT",
      "companyName": "Around the Horn",
      "contactName": "Thomas Hardy",
      "contactTitle": "Sales Representative",
      "address": "120 Hanover Sq.",
      "city": "London",
      "postalCode": "WA1 1DP",
      "country": "UK",
      "phone": "(171) 555-7788",
      "fax": "(171) 555-6750"
    },
    {
      "id": "BERGS",
      "companyName": "Berglunds snabbköp",
      "contactName": "Christina Berglund",
      "contactTitle": "Order Administrator",
      "address": "Berguvsvägen  8",
      "city": "Luleå",
      "postalCode": "S-958 22",
      "country": "Sweden",
      "phone": "0921-12 34 65",
      "fax": "0921-12 34 67"
    },
    {
      "id": "BLAUS",
      "companyName": "Blauer See Delikatessen",
      "contactName": "Hanna Moos",
      "contactTitle": "Sales Representative",
      "address": "Forsterstr. 57",
      "city": "Mannheim",
      "postalCode": "68306",
      "country": "Germany",
      "phone": "0621-08460",
      "fax": "0621-08924"
    },
    {
      "id": "BLONP",
      "companyName": "Blondesddsl père et fils",
      "contactName": "Frédérique Citeaux",
      "contactTitle": "Marketing Manager",
      "address": "24, place Kléber",
      "city": "Strasbourg",
      "postalCode": "67000",
      "country": "France",
      "phone": "88.60.15.31",
      "fax": "88.60.15.32"
    },
    {
      "id": "BOLID",
      "companyName": "Bólido Comidas preparadas",
      "contactName": "Martín Sommer",
      "contactTitle": "Owner",
      "address": "C/ Araquil, 67",
      "city": "Madrid",
      "postalCode": "28023",
      "country": "Spain",
      "phone": "(91) 555 22 82",
      "fax": "(91) 555 91 99"
    }
  ],
  "orders": [
    {
      "id": 10248,
      "customerID": "VINET",
      "employeeID": 5,
      "orderDate": "1996-07-04T00:00:00",
      "requiredDate": "1996-08-01T00:00:00",
      "shippedDate": "1996-07-16T00:00:00",
      "shipVia": 3,
      "freight": 32.38,
      "shipName": "Vins et alcools Chevalier",
      "shipAddress": "59 rue de l'Abbaye",
      "shipCity": "Reims",
      "shipPostalCode": "51100",
      "shipCountry": "France"
    },
    {
      "id": 10249,
      "customerID": "TOMSP",
      "employeeID": 6,
      "orderDate": "1996-07-05T00:00:00",
      "requiredDate": "1996-08-16T00:00:00",
      "shippedDate": "1996-07-10T00:00:00",
      "shipVia": 1,
      "freight": 11.61,
      "shipName": "Toms Spezialitäten",
      "shipAddress": "Luisenstr. 48",
      "shipCity": "Münster",
      "shipPostalCode": "44087",
      "shipCountry": "Germany"
    },
    {
      "id": 10250,
      "customerID": "HANAR",
      "employeeID": 4,
      "orderDate": "1996-07-08T00:00:00",
      "requiredDate": "1996-08-05T00:00:00",
      "shippedDate": "1996-07-12T00:00:00",
      "shipVia": 2,
      "freight": 65.83,
      "shipName": "Hanari Carnes",
      "shipAddress": "Rua do Paço, 67",
      "shipCity": "Rio de Janeiro",
      "shipRegion": "RJ",
      "shipPostalCode": "05454-876",
      "shipCountry": "Brazil"
    },
    {
      "id": 10251,
      "customerID": "VICTE",
      "employeeID": 3,
      "orderDate": "1996-07-08T00:00:00",
      "requiredDate": "1996-08-05T00:00:00",
      "shippedDate": "1996-07-15T00:00:00",
      "shipVia": 1,
      "freight": 41.34,
      "shipName": "Victuailles en stock",
      "shipAddress": "2, rue du Commerce",
      "shipCity": "Lyon",
      "shipPostalCode": "69004",
      "shipCountry": "France"
    },
    {
      "id": 10252,
      "customerID": "SUPRD",
      "employeeID": 4,
      "orderDate": "1996-07-09T00:00:00",
      "requiredDate": "1996-08-06T00:00:00",
      "shippedDate": "1996-07-11T00:00:00",
      "shipVia": 2,
      "freight": 51.3,
      "shipName": "Suprêmes délices",
      "shipAddress": "Boulevard Tirou, 255",
      "shipCity": "Charleroi",
      "shipPostalCode": "B-6000",
      "shipCountry": "Belgium"
    },
    {
      "id": 10253,
      "customerID": "HANAR",
      "employeeID": 3,
      "orderDate": "1996-07-10T00:00:00",
      "requiredDate": "1996-07-24T00:00:00",
      "shippedDate": "1996-07-16T00:00:00",
      "shipVia": 2,
      "freight": 58.17,
      "shipName": "Hanari Carnes",
      "shipAddress": "Rua do Paço, 67",
      "shipCity": "Rio de Janeiro",
      "shipRegion": "RJ",
      "shipPostalCode": "05454-876",
      "shipCountry": "Brazil"
    }
  ],
  "orderDetails": [
    {
      "orderID": 10248,
      "productID": 11,
      "unitPrice": 14,
      "quantity": 12,
      "discount": 0
    },
    {
      "orderID": 10248,
      "productID": 42,
      "unitPrice": 9.8,
      "quantity": 10,
      "discount": 0
    },
    {
      "orderID": 10248,
      "productID": 72,
      "unitPrice": 34.8,
      "quantity": 5,
      "discount": 0
    },
    {
      "orderID": 10249,
      "productID": 14,
      "unitPrice": 18.6,
      "quantity": 9,
      "discount": 0
    },
    {
      "orderID": 10249,
      "productID": 51,
      "unitPrice": 42.4,
      "quantity": 40,
      "discount": 0
    },
    {
      "orderID": 10250,
      "productID": 41,
      "unitPrice": 7.7,
      "quantity": 10,
      "discount": 0
    },
    {
      "orderID": 10250,
      "productID": 51,
      "unitPrice": 42.4,
      "quantity": 35,
      "discount": 0.15000001
    },
    {
      "orderID": 10250,
      "productID": 65,
      "unitPrice": 16.8,
      "quantity": 15,
      "discount": 0.15000001
    },
    {
      "orderID": 10251,
      "productID": 22,
      "unitPrice": 16.8,
      "quantity": 6,
      "discount": 0.050000001
    },
    {
      "orderID": 10251,
      "productID": 57,
      "unitPrice": 15.6,
      "quantity": 15,
      "discount": 0.050000001
    },
    {
      "orderID": 10251,
      "productID": 65,
      "unitPrice": 16.8,
      "quantity": 20,
      "discount": 0
    },
    {
      "orderID": 10252,
      "productID": 20,
      "unitPrice": 64.8,
      "quantity": 40,
      "discount": 0.050000001
    },
    {
      "orderID": 10252,
      "productID": 33,
      "unitPrice": 2,
      "quantity": 25,
      "discount": 0.050000001
    },
    {
      "orderID": 10252,
      "productID": 60,
      "unitPrice": 27.2,
      "quantity": 40,
      "discount": 0
    },
    {
      "orderID": 10253,
      "productID": 31,
      "unitPrice": 10,
      "quantity": 20,
      "discount": 0
    },
    {
      "orderID": 10253,
      "productID": 39,
      "unitPrice": 14.4,
      "quantity": 42,
      "discount": 0
    },
    {
      "orderID": 10253,
      "productID": 49,
      "unitPrice": 16,
      "quantity": 40,
      "discount": 0
    },
    {
      "orderID": 10254,
      "productID": 24,
      "unitPrice": 3.6,
      "quantity": 15,
      "discount": 0.15000001
    },
    {
      "orderID": 10254,
      "productID": 55,
      "unitPrice": 19.2,
      "quantity": 21,
      "discount": 0.15000001
    },
    {
      "orderID": 10254,
      "productID": 74,
      "unitPrice": 8,
      "quantity": 21,
      "discount": 0
    },
    {
      "orderID": 10255,
      "productID": 2,
      "unitPrice": 15.2,
      "quantity": 20,
      "discount": 0
    },
    {
      "orderID": 10255,
      "productID": 16,
      "unitPrice": 13.9,
      "quantity": 35,
      "discount": 0
    }
  ],
  "users": [
    {
      "id": 1,
      "email": "demo@demo.com",
      "passwordHash": "asdfasdfsad",
      "salt": "asdfasd",
      "roles": "admin"
    },
    {
      "id": 2,
      "email": "gbermude@outlook.com",
      "passwordHash": "$2b$10$HXin/gsSM3Ub2WBxIAKFNeOLfk.wdUBdoGUVpvkUYbtyXNZKpYyGy",
      "salt": "4ffa6baf-a99c-4ae7-ba0d-0b4bb96f7e05",
      "roles": [
        ""
      ]
    },
    {
      "id": 3,
      "email": "gbermude+1@outlook.com",
      "passwordHash": "$2b$10$51jU4QDdIOnvLNV2zN7HQOjNMhmWXN7oyesnF5GReaL69RkXnxhOy",
      "salt": "5b0b1dac-3f21-4a78-b94a-c42a600e94a9",
      "roles": [
        ""
      ]
    },
    {
      "id": 4,
      "email": "gbermude+2@outlook.com",
      "passwordHash": "$2b$10$AXhXAXiW/wTiNPjs2zmABu8ip9xuVYsZacYFh4ecy4ialP9km4Rom",
      "salt": "c0695a23-433f-40ea-b534-477a588c7461",
      "roles": [
        ""
      ]
    }
  ]
}